{
  "w_hp_activo": 66.28745845913734,
  "w_hp_equipo": 50.0,
  "w_vivos": 82.74363265902892,
  "w_tipo_atk": 73.92175381312674,
  "w_tipo_def": 80.53615813052153,
  "w_mejor_dmg": 67.37645705328728,
  "w_status_enemy": 0.784743053822831,
  "w_ko_bonus": 80.45467291310817,
  "w_ko_done": 141.3190321604036,
  "w_velocidad": 45.928477493844525,
  "w_ace_penalty": 156.0331534573906,
  "w_successor": 42.07619724577849,
  "depth": 1,
  "rival_agresividad": 0.9038153142775812,
  "rival_switch_bias": 0.7471194438910962,
  "rival_presion_ko": 0.3,
  "switch_hp_thresh": 0.26982817056370695,
  "switch_type_mult": 2.37143563261497
}