{
  "w_hp_activo": 88.36379832540895,
  "w_hp_equipo": 128.98797680161215,
  "w_vivos": 143.42860182360533,
  "w_tipo_atk": 68.30269628622672,
  "w_tipo_def": 74.78117783045815,
  "w_mejor_dmg": 188.1308085065299,
  "w_status_enemy": 0.25909027862058864,
  "w_ko_bonus": 56.476481540797934,
  "w_ko_done": 104.15534416216289,
  "w_velocidad": 47.9549072676289,
  "w_ace_penalty": 37.762668620591555,
  "w_successor": 80.76769148702498,
  "depth": 2,
  "rival_agresividad": 0.5276811207138231,
  "rival_switch_bias": 0.4318631906248072,
  "rival_presion_ko": 0.3,
  "switch_hp_thresh": 0.305108541168732,
  "switch_type_mult": 2.904215868211669
}